no,menu
0,Learn HTML
1,Learn CSS
2,Learn Bootstrap
3,Learn W3.CSS
4,Learn Colors
5,Learn Icons
6,Learn Graphics
7,Learn SVG
8,Learn Canvas
9,Learn How To
10,Learn Sass
11,Learn JavaScript
12,Learn jQuery
13,Learn React
14,Learn AngularJS
15,Learn JSON
16,Learn AJAX
17,Learn AppML
18,Learn W3.JS
19,Learn Python
20,Learn Java
21,Learn C++
22,Learn C#
23,Learn R
24,Learn Kotlin
25,Learn Go
26,Learn SQL
27,Learn MySQL
28,Learn PHP
29,Learn ASP
30,Learn Node.js
31,Learn Raspberry Pi
32,Learn Git
33,Web Templates
34,Web Statistics
35,Web Certificates
36,Web Editor
37,Web Development
38,Test Your Typing Speed
39,Play a Code Game
40,Cyber Security
41,Accessibility
42,Learn AI
43,Learn Machine Learning
44,Learn Data Science
45,Learn NumPy
46,Learn Pandas
47,Learn SciPy
48,Learn Matplotlib
49,Learn Statistics
50,Learn XML
51,Learn XML AJAX
52,Learn XML DOM
53,Learn XML DTD
54,Learn XML Schema
55,Learn XSLT
56,Learn XPath
57,Learn XQuery
